{"cameraMode":{"drawMode":0,"name":"Shaded","section":"Shading Mode"},"sceneLighting":true,"audioPlay":false,"sceneViewState":{"showFog":true,"showMaterialUpdate":true,"showSkybox":true,"showFlares":true,"showImageEffects":true,"showParticleSystems":true},"in2DMode":false,"pivot":{"x":-21.391054153442384,"y":-12.546158790588379,"z":77.195556640625},"rotation":{"x":-0.09384381771087647,"y":0.10314426571130753,"z":-0.009912900626659394,"w":-0.9902565479278565},"size":46.25428009033203,"orthographic":false}